{"stats":{"minecraft:killed":{"minecraft:zombie":1},"minecraft:used":{"minecraft:oak_trapdoor":1,"minecraft:bedrock":486,"minecraft:netherite_sword":12,"minecraft:torch":4,"minecraft:sand":2,"minecraft:campfire":1},"minecraft:custom":{"minecraft:time_since_rest":4560,"minecraft:open_chest":4,"minecraft:crouch_one_cm":47,"minecraft:play_time":35982,"minecraft:sprint_one_cm":39835,"minecraft:damage_taken":90,"minecraft:walk_one_cm":82872,"minecraft:sneak_time":311,"minecraft:mob_kills":1,"minecraft:drop":2,"minecraft:jump":236,"minecraft:damage_dealt":732,"minecraft:leave_game":3,"minecraft:walk_on_water_one_cm":1907,"minecraft:time_since_death":35982,"minecraft:sleep_in_bed":1,"minecraft:climb_one_cm":388,"minecraft:total_world_time":35982,"minecraft:talked_to_villager":1,"minecraft:fall_one_cm":4263,"minecraft:fly_one_cm":99015},"minecraft:picked_up":{"minecraft:wheat_seeds":2,"minecraft:sand":2},"minecraft:dropped":{"minecraft:wheat_seeds":1,"minecraft:netherite_sword":1},"minecraft:mined":{"minecraft:grass":3,"minecraft:sand":2,"minecraft:tall_grass":1}},"DataVersion":3465}