{"stats":{"minecraft:picked_up":{"minecraft:sand":2},"minecraft:used":{"minecraft:oak_trapdoor":1,"minecraft:bedrock":486,"minecraft:torch":4,"minecraft:netherite_sword":12,"minecraft:sand":2,"minecraft:campfire":1},"minecraft:custom":{"minecraft:time_since_rest":1162,"minecraft:open_chest":3,"minecraft:crouch_one_cm":47,"minecraft:damage_taken":20,"minecraft:play_time":32584,"minecraft:sprint_one_cm":24188,"minecraft:walk_one_cm":69526,"minecraft:sneak_time":270,"minecraft:mob_kills":1,"minecraft:drop":1,"minecraft:jump":176,"minecraft:damage_dealt":732,"minecraft:leave_game":8,"minecraft:walk_on_water_one_cm":1907,"minecraft:time_since_death":32584,"minecraft:sleep_in_bed":1,"minecraft:climb_one_cm":42,"minecraft:total_world_time":32584,"minecraft:fall_one_cm":2243,"minecraft:fly_one_cm":85155},"minecraft:dropped":{"minecraft:netherite_sword":1},"minecraft:killed":{"minecraft:zombie":1},"minecraft:mined":{"minecraft:grass":1,"minecraft:sand":2}},"DataVersion":3465}