{"stats":{"minecraft:used":{"minecraft:oak_trapdoor":1,"minecraft:bedrock":486,"minecraft:torch":4,"minecraft:netherite_sword":12,"minecraft:sand":2,"minecraft:campfire":1},"minecraft:picked_up":{"minecraft:sand":2},"minecraft:dropped":{"minecraft:netherite_sword":1},"minecraft:custom":{"minecraft:time_since_rest":788,"minecraft:open_chest":3,"minecraft:crouch_one_cm":47,"minecraft:damage_taken":60,"minecraft:play_time":32210,"minecraft:sprint_one_cm":24937,"minecraft:walk_one_cm":65205,"minecraft:sneak_time":270,"minecraft:mob_kills":1,"minecraft:drop":1,"minecraft:jump":168,"minecraft:damage_dealt":732,"minecraft:leave_game":2,"minecraft:walk_on_water_one_cm":1907,"minecraft:time_since_death":32210,"minecraft:sleep_in_bed":1,"minecraft:climb_one_cm":42,"minecraft:total_world_time":32210,"minecraft:fall_one_cm":2555,"minecraft:fly_one_cm":80569},"minecraft:killed":{"minecraft:zombie":1},"minecraft:mined":{"minecraft:grass":1,"minecraft:sand":2}},"DataVersion":3465}