{"stats":{"minecraft:killed":{"minecraft:zombie":1},"minecraft:mined":{"minecraft:red_carpet":2,"minecraft:carved_pumpkin":1,"minecraft:grass":6,"minecraft:bookshelf":10,"minecraft:grass_block":2,"minecraft:chest":3,"minecraft:sand":2,"minecraft:lectern":1,"minecraft:tall_grass":3},"minecraft:custom":{"minecraft:time_since_rest":28142,"minecraft:sprint_one_cm":46472,"minecraft:damage_taken":90,"minecraft:walk_one_cm":176949,"minecraft:mob_kills":1,"minecraft:drop":2,"minecraft:damage_dealt":732,"minecraft:talked_to_villager":11,"minecraft:fly_one_cm":105771,"minecraft:open_barrel":3,"minecraft:open_chest":19,"minecraft:crouch_one_cm":712,"minecraft:play_time":154555,"minecraft:sneak_time":527,"minecraft:jump":308,"minecraft:leave_game":6,"minecraft:time_since_death":154555,"minecraft:walk_on_water_one_cm":1950,"minecraft:sleep_in_bed":2,"minecraft:climb_one_cm":388,"minecraft:total_world_time":154555,"minecraft:fall_one_cm":5695},"minecraft:dropped":{"minecraft:wheat_seeds":1,"minecraft:netherite_sword":1},"minecraft:used":{"minecraft:oak_trapdoor":1,"minecraft:netherite_sword":12,"minecraft:carved_pumpkin":1,"minecraft:lectern":1,"minecraft:chest":3,"minecraft:bedrock":486,"minecraft:torch":4,"minecraft:red_carpet":3,"minecraft:dirt":1,"minecraft:sand":2,"minecraft:campfire":1},"minecraft:picked_up":{"minecraft:book":30,"minecraft:sand":2,"minecraft:dirt":2,"minecraft:red_carpet":3,"minecraft:wheat_seeds":2,"minecraft:carved_pumpkin":1,"minecraft:lectern":1,"minecraft:chest":3}},"DataVersion":3465}