{"stats":{"minecraft:broken":{"minecraft:wooden_hoe":1},"minecraft:dropped":{"minecraft:wheat_seeds":4,"minecraft:knowledge_book":1},"minecraft:crafted":{"minecraft:oak_planks":20,"minecraft:oak_sign":3,"minecraft:wooden_pickaxe":1,"minecraft:lodestone":2,"minecraft:knowledge_book":2,"minecraft:bread":12,"minecraft:wooden_hoe":2,"minecraft:stick":8,"minecraft:wheat":36},"minecraft:mined":{"minecraft:scaffolding":2,"minecraft:red_bed":2,"minecraft:grass_block":125,"minecraft:chest":2,"minecraft:campfire":1,"minecraft:white_concrete":1,"minecraft:tall_grass":10,"minecraft:oak_wall_sign":1,"minecraft:hay_block":5,"minecraft:grass":20,"minecraft:oak_log":3,"minecraft:dirt":14,"minecraft:oak_leaves":5},"minecraft:killed":{"minecraft:trader_llama":1,"minecraft:villager":1},"minecraft:custom":{"minecraft:mob_kills":2,"minecraft:play_record":3,"minecraft:interact_with_crafting_table":22,"minecraft:open_barrel":10,"minecraft:leave_game":6,"minecraft:time_since_death":87180,"minecraft:sleep_in_bed":5,"minecraft:climb_one_cm":1227,"minecraft:time_since_rest":289,"minecraft:sprint_one_cm":66971,"minecraft:walk_one_cm":677998,"minecraft:drop":6,"minecraft:damage_dealt":600,"minecraft:minecart_one_cm":310,"minecraft:talked_to_villager":1,"minecraft:fly_one_cm":644724,"minecraft:open_chest":19,"minecraft:crouch_one_cm":5888,"minecraft:play_time":283038,"minecraft:deaths":1,"minecraft:sneak_time":5301,"minecraft:walk_under_water_one_cm":4415,"minecraft:jump":588,"minecraft:walk_on_water_one_cm":3530,"minecraft:total_world_time":283038,"minecraft:fall_one_cm":2359},"minecraft:used":{"minecraft:oak_fence":1,"minecraft:oak_trapdoor":9,"minecraft:dark_oak_stairs":1,"minecraft:bamboo_trapdoor":21,"minecraft:light_blue_stained_glass_pane":87,"minecraft:water_bucket":1,"minecraft:netherite_sword":8,"minecraft:end_rod":8,"minecraft:writable_book":1,"minecraft:iron_bars":2,"minecraft:dirt_path":12,"minecraft:smooth_quartz_slab":22,"minecraft:red_concrete":446,"minecraft:oak_sign":2,"minecraft:white_concrete_powder":1,"minecraft:chest":4,"minecraft:wooden_pickaxe":1,"minecraft:redstone_block":2,"minecraft:fletching_table":1,"minecraft:quartz_stairs":3,"minecraft:smooth_quartz_stairs":62,"minecraft:oak_leaves":27,"minecraft:bamboo_stairs":3,"minecraft:torch":15,"minecraft:dirt":125,"minecraft:rail":36,"minecraft:music_disc_cat":1,"minecraft:oak_slab":6,"minecraft:crafting_table":3,"minecraft:birch_sign":2,"minecraft:campfire":37,"minecraft:chiseled_quartz_block":2,"minecraft:painting":13,"minecraft:music_disc_13":1,"minecraft:iron_hoe":1,"minecraft:piston":12,"minecraft:lever":37,"minecraft:wooden_hoe":81,"minecraft:black_wool":5,"minecraft:sea_lantern":10,"minecraft:black_concrete":38,"minecraft:bamboo_fence":2,"minecraft:oxeye_daisy":1,"minecraft:villager_spawn_egg":2,"minecraft:light_gray_concrete":242,"minecraft:heavy_weighted_pressure_plate":3,"minecraft:lantern":22,"minecraft:grass_block":12,"minecraft:bread":1,"minecraft:polished_andesite_stairs":11,"minecraft:verdant_froglight":1,"minecraft:quartz_block":11,"minecraft:music_disc_chirp":1,"minecraft:spruce_trapdoor":48,"minecraft:smooth_quartz":91,"minecraft:bamboo_slab":12,"minecraft:diorite_wall":2,"minecraft:barrel":13,"minecraft:stone_bricks":2,"minecraft:item_frame":4,"minecraft:birch_trapdoor":1,"minecraft:red_carpet":10,"minecraft:hay_block":1,"minecraft:iron_trapdoor":15,"minecraft:furnace":1,"minecraft:minecart":27,"minecraft:chain":11,"minecraft:glass_pane":5,"minecraft:smooth_stone_slab":9,"minecraft:white_concrete":405,"minecraft:potato":56,"minecraft:bamboo_mosaic_slab":3,"minecraft:jukebox":2},"minecraft:picked_up":{"minecraft:charcoal":2,"minecraft:wheat":2,"minecraft:lead":1,"minecraft:knowledge_book":1,"minecraft:oak_log":6,"minecraft:music_disc_cat":1,"minecraft:dirt":139,"minecraft:red_bed":2,"minecraft:lantern":2,"minecraft:oak_sign":1,"minecraft:wheat_seeds":4,"minecraft:chest":2,"minecraft:music_disc_chirp":1,"minecraft:book":1,"minecraft:scaffolding":2,"minecraft:music_disc_13":1,"minecraft:nether_bricks":60,"minecraft:lever":1,"minecraft:hay_block":5,"minecraft:white_concrete":1,"minecraft:oak_sapling":8}},"DataVersion":3465}