{"stats":{"minecraft:used":{"minecraft:dirt":9,"minecraft:crafting_table":1},"minecraft:custom":{"minecraft:jump":34,"minecraft:time_since_rest":15065,"minecraft:leave_game":1,"minecraft:crouch_one_cm":122,"minecraft:sprint_one_cm":2490,"minecraft:play_time":15065,"minecraft:time_since_death":15065,"minecraft:walk_one_cm":15740,"minecraft:sneak_time":56,"minecraft:total_world_time":15065,"minecraft:interact_with_crafting_table":11,"minecraft:fall_one_cm":627,"minecraft:fly_one_cm":3966},"minecraft:picked_up":{"minecraft:dirt":9},"minecraft:crafted":{"minecraft:lodestone":1},"minecraft:mined":{"minecraft:tall_grass":1,"minecraft:grass_block":8,"minecraft:dirt":1}},"DataVersion":3465}