{"stats":{"minecraft:used":{"minecraft:oak_fence":1,"minecraft:oak_trapdoor":9,"minecraft:bamboo_trapdoor":21,"minecraft:dark_oak_stairs":1,"minecraft:light_blue_stained_glass_pane":87,"minecraft:netherite_sword":3,"minecraft:end_rod":8,"minecraft:iron_bars":2,"minecraft:dirt_path":12,"cobblemon:apricorn_hanging_sign":5,"minecraft:smooth_quartz_slab":22,"minecraft:red_concrete":446,"cobblemon:monitor":1,"minecraft:white_concrete_powder":1,"minecraft:chest":2,"minecraft:redstone_block":2,"cobblemon:display_case":41,"minecraft:quartz_stairs":3,"minecraft:fletching_table":1,"minecraft:smooth_quartz_stairs":62,"minecraft:oak_leaves":27,"minecraft:bamboo_stairs":3,"minecraft:torch":15,"cobblemon:gilded_chest":5,"minecraft:dirt":106,"minecraft:rail":36,"minecraft:music_disc_cat":1,"cobblemon:apricorn_sign":4,"minecraft:oak_slab":6,"minecraft:crafting_table":3,"cobblemon:apricorn_stairs":3,"minecraft:birch_sign":2,"minecraft:campfire":34,"minecraft:chiseled_quartz_block":2,"cobblemon:restoration_tank":1,"minecraft:painting":13,"minecraft:music_disc_13":1,"cobblemon:healing_machine":18,"minecraft:iron_hoe":1,"minecraft:piston":12,"minecraft:lever":37,"minecraft:black_wool":5,"minecraft:sea_lantern":10,"minecraft:black_concrete":38,"minecraft:bamboo_fence":2,"minecraft:oxeye_daisy":1,"minecraft:villager_spawn_egg":2,"cobblemon:apricorn_slab":1,"cobblemon:apricorn_trapdoor":22,"minecraft:light_gray_concrete":242,"minecraft:heavy_weighted_pressure_plate":3,"minecraft:lantern":22,"minecraft:grass_block":12,"minecraft:polished_andesite_stairs":11,"minecraft:verdant_froglight":1,"minecraft:quartz_block":11,"minecraft:music_disc_chirp":1,"minecraft:spruce_trapdoor":48,"minecraft:smooth_quartz":91,"minecraft:bamboo_slab":12,"minecraft:diorite_wall":2,"minecraft:barrel":13,"minecraft:stone_bricks":2,"minecraft:item_frame":4,"cobblemon:pc":3,"cobblemon:apricorn_fence":3,"minecraft:birch_trapdoor":1,"minecraft:red_carpet":10,"minecraft:iron_trapdoor":15,"cobblemon:fossil_analyzer":1,"minecraft:furnace":1,"minecraft:minecart":27,"minecraft:chain":11,"minecraft:glass_pane":5,"minecraft:smooth_stone_slab":9,"cobblemon:stripped_apricorn_log":9,"minecraft:white_concrete":395,"minecraft:bamboo_mosaic_slab":3,"minecraft:jukebox":2},"minecraft:mined":{"minecraft:grass_block":8,"minecraft:tall_grass":1,"minecraft:grass":1,"minecraft:dirt":1},"minecraft:killed":{"minecraft:villager":1},"minecraft:crafted":{"minecraft:lodestone":2,"minecraft:knowledge_book":2},"minecraft:dropped":{"cobblemon:apricorn_sign":1,"minecraft:knowledge_book":1},"minecraft:custom":{"minecraft:mob_kills":1,"minecraft:play_record":3,"minecraft:interact_with_crafting_table":15,"minecraft:open_barrel":1,"minecraft:leave_game":2,"minecraft:time_since_death":191650,"minecraft:climb_one_cm":1162,"minecraft:time_since_rest":191650,"minecraft:sprint_one_cm":31445,"minecraft:walk_one_cm":449937,"minecraft:drop":2,"minecraft:damage_dealt":310,"minecraft:minecart_one_cm":310,"minecraft:talked_to_villager":1,"minecraft:fly_one_cm":605234,"minecraft:crouch_one_cm":4017,"minecraft:play_time":191650,"minecraft:sneak_time":4336,"minecraft:walk_under_water_one_cm":4415,"minecraft:jump":373,"minecraft:walk_on_water_one_cm":3012,"minecraft:total_world_time":191650,"minecraft:fall_one_cm":627},"minecraft:picked_up":{"minecraft:wheat":2,"minecraft:knowledge_book":1,"minecraft:music_disc_cat":1,"minecraft:dirt":9,"minecraft:music_disc_chirp":1,"cobblemon:apricorn_sign":1,"minecraft:music_disc_13":1,"minecraft:nether_bricks":60,"minecraft:lever":1}},"DataVersion":3465}