{"stats":{"minecraft:mined":{"minecraft:grass_block":2,"minecraft:oak_trapdoor":1,"minecraft:dirt_path":1,"minecraft:dirt":7},"minecraft:used":{"minecraft:netherite_sword":1,"minecraft:dirt":10},"minecraft:custom":{"minecraft:time_since_rest":25249,"minecraft:crouch_one_cm":577,"minecraft:play_time":25249,"minecraft:sprint_one_cm":241243,"minecraft:damage_taken":4222,"minecraft:walk_one_cm":26761,"minecraft:sneak_time":95,"minecraft:walk_under_water_one_cm":436,"minecraft:jump":54,"minecraft:leave_game":3,"minecraft:walk_on_water_one_cm":6389,"minecraft:time_since_death":25249,"minecraft:climb_one_cm":220,"minecraft:total_world_time":25249,"minecraft:fall_one_cm":269,"minecraft:fly_one_cm":4175},"minecraft:picked_up":{"minecraft:netherite_sword":1,"minecraft:poppy":1,"minecraft:oak_trapdoor":1,"minecraft:dirt":10}},"DataVersion":3465}