{
  "iammusicplayer:iammusicplayer/listen_to_music": {
    "criteria": {
      "listen_to_music": "2024-05-15 14:42:07 +0000"
    },
    "done": true
  },
  "knize1007:day10": {
    "criteria": {
      "play25days": "2024-05-15 14:42:08 +0000"
    },
    "done": true
  },
  "cobblemon:recipes/transportation/apricorn_boat": {
    "criteria": {
      "in_water": "2024-05-15 14:46:01 +0000"
    },
    "done": true
  },
  "knize1007:root": {
    "criteria": {
      "tick": "2024-05-15 14:42:07 +0000"
    },
    "done": true
  },
  "fumo:fumo_advancement": {
    "criteria": {
      "fumo_advancement": "2024-05-15 14:42:07 +0000"
    },
    "done": true
  },
  "fumo:fumo_tutorial_base_advancement": {
    "criteria": {
      "fumo_tutorial_base_advancement": "2024-05-15 14:42:07 +0000"
    },
    "done": true
  },
  "minecraft:recipes/decorations/crafting_table": {
    "criteria": {
      "unlock_right_away": "2024-05-15 14:42:07 +0000"
    },
    "done": true
  },
  "cobblemon:root": {
    "criteria": {
      "picked_starter": "2024-05-15 14:44:48 +0000"
    },
    "done": true
  },
  "iammusicplayer:iammusicplayer/root": {
    "criteria": {
      "iammusicplayer": "2024-05-15 14:42:07 +0000"
    },
    "done": true
  },
  "minecraft:recipes/transportation/cherry_boat": {
    "criteria": {
      "in_water": "2024-05-15 14:46:01 +0000"
    },
    "done": true
  },
  "minecraft:recipes/transportation/bamboo_raft": {
    "criteria": {
      "in_water": "2024-05-15 14:46:01 +0000"
    },
    "done": true
  },
  "minecraft:recipes/transportation/spruce_boat": {
    "criteria": {
      "in_water": "2024-05-15 14:46:01 +0000"
    },
    "done": true
  },
  "minecraft:recipes/transportation/birch_boat": {
    "criteria": {
      "in_water": "2024-05-15 14:46:01 +0000"
    },
    "done": true
  },
  "minecraft:recipes/transportation/oak_boat": {
    "criteria": {
      "in_water": "2024-05-15 14:46:01 +0000"
    },
    "done": true
  },
  "fumo:bootleg_fumo_advancement": {
    "criteria": {
      "bootleg_fumo_advancement": "2024-05-15 14:42:07 +0000"
    },
    "done": true
  },
  "minecraft:recipes/transportation/mangrove_boat": {
    "criteria": {
      "in_water": "2024-05-15 14:46:01 +0000"
    },
    "done": true
  },
  "knize1007:hostilemobs": {
    "criteria": {
      "tick": "2024-05-15 14:42:07 +0000"
    },
    "done": true
  },
  "iammusicplayer:iammusicplayer/listen_to_remote_music": {
    "criteria": {
      "listen_to_remote_music": "2024-05-15 14:42:07 +0000"
    },
    "done": true
  },
  "minecraft:recipes/transportation/acacia_boat": {
    "criteria": {
      "in_water": "2024-05-15 14:46:01 +0000"
    },
    "done": true
  },
  "minecraft:adventure/adventuring_time": {
    "criteria": {
      "minecraft:plains": "2024-05-15 14:42:08 +0000"
    },
    "done": false
  },
  "minecraft:recipes/transportation/jungle_boat": {
    "criteria": {
      "in_water": "2024-05-15 14:46:01 +0000"
    },
    "done": true
  },
  "minecraft:recipes/transportation/dark_oak_boat": {
    "criteria": {
      "in_water": "2024-05-15 14:46:01 +0000"
    },
    "done": true
  },
  "DataVersion": 3465
}